sample	read_id_full	read_id_trunc	assignment_old	blast_hit_nt_viral	blast_hit_nt	ncbi_blast_best_hit
D23-13405-1	"AV224802:231013_72603_6408E:2320572603,810-00002,2307310022,20240730:1:22103:4081:1782:TCTAGGCT+NNNNNNNN"	1:22103:4081:1782	JC polyomavirus (taxid 10632)	TRUE	TRUE	
D23-13405-1	"AV224802:231013_72603_6408E:2320572603,810-00002,2307310022,20240730:1:12103:4266:1581:TCTAGGCT+NNNNNNNN"	1:12103:4266:1581	Influenza A virus (A/Puerto Rico/8/1934(H1N1)) (taxid 211044)	TRUE	TRUE	
D23-13405-1	"AV224802:231013_72603_6408E:2320572603,810-00002,2307310022,20240730:1:11401:3351:1450:TCTAGGCT+NNNNNNNN"	1:11401:3351:1450	adeno-associated virus 2 (taxid 10804)	TRUE	TRUE	
D23-13405-1	"AV224802:231013_72603_6408E:2320572603,810-00002,2307310022,20240730:1:21402:4754:1192:TCTAGGCT+NNNNNNNN"	1:21402:4754:1192	Ekpoma virus 1 (taxid 1987020)	FALSE	FALSE	Bacterial (Cloacibacterium)
D23-13405-1	"AV224802:231013_72603_6408E:2320572603,810-00002,2307310022,20240730:1:20805:4558:0643:TCTAGGCT+NNNNNNNN"	1:20805:4558:0643	Ekpoma virus 1 (taxid 1987020)	FALSE	FALSE	Bacterial (Cloacibacterium)
D23-13405-1	"AV224802:231013_72603_6408E:2320572603,810-00002,2307310022,20240730:1:11905:3546:2926:TCTAGGCT+NNNNNNNN"	1:11905:3546:2926	Human mastadenovirus C (taxid 129951)	FALSE	FALSE	Bacterial (Paludibacter)
D23-13405-1	"AV224802:231013_72603_6408E:2320572603,810-00002,2307310022,20240730:1:22202:1332:0090:TCTAGGCT+NNNNNNNN"	1:22202:1332:0090	Human papillomavirus 135 (taxid 1070408)	TRUE	FALSE	Eukaryotic (Porites lutea)
D23-13405-1	"AV224802:231013_72603_6408E:2320572603,810-00002,2307310022,20240730:1:21301:0047:0480:TCTAGGCT+NNNNNNNN"	1:21301:0047:0480	Betapolyomavirus hominis (taxid 1891762)	TRUE	TRUE	
D23-13406-2	"AV224802:231013_72603_6408E:2320572603,810-00002,2307310022,20240730:2:10401:4792:2150:CCGCTATT+NNNNNNNN"	2:10401:4792:2150	Adeno-associated virus - 8 (taxid 202813)	TRUE	TRUE	
D23-13406-2	"AV224802:231013_72603_6408E:2320572603,810-00002,2307310022,20240730:2:10405:4270:1696:CCGCTATT+NNNNNNNN"	2:10405:4270:1696	adeno-associated virus 2 (taxid 10804)	TRUE	TRUE	
D23-13406-2	"AV224802:231013_72603_6408E:2320572603,810-00002,2307310022,20240730:2:20804:5154:2753:CCGCTATT+NNNNNNNN"	2:20804:5154:2753	Adeno-associated virus - 8 (taxid 202813)	TRUE	TRUE	
D23-13406-2	"AV224802:231013_72603_6408E:2320572603,810-00002,2307310022,20240730:2:20704:4226:1755:CCGCTATT+NNNNNNNN"	2:20704:4226:1755	adeno-associated virus 2 (taxid 10804)	TRUE	TRUE	
D23-13406-2	"AV224802:231013_72603_6408E:2320572603,810-00002,2307310022,20240730:2:20601:1553:3506:CCGCTATT+NNNNNNNN"	2:20601:1553:3506	adeno-associated virus 2 (taxid 10804)	TRUE	TRUE	
D23-13406-2	"AV224802:231013_72603_6408E:2320572603,810-00002,2307310022,20240730:2:20103:5213:0014:CCGCTATT+NNNNNNNN"	2:20103:5213:0014	Yaba-like disease virus (taxid 132475)	TRUE	FALSE	Bacterial (Arcobacter)
D23-13406-2	"AV224802:231013_72603_6408E:2320572603,810-00002,2307310022,20240730:2:21401:3217:0305:CCGCTATT+NNNNNNNN"	2:21401:3217:0305	Human feces pecovirus (taxid 1820160)	TRUE	TRUE	
D23-13406-2	"AV224802:231013_72603_6408E:2320572603,810-00002,2307310022,20240730:2:10503:3433:2965:CCGCTATT+NNNNNNNN"	2:10503:3433:2965	Human mastadenovirus D (taxid 130310)	TRUE	TRUE	
D23-13406-2	"AV224802:231013_72603_6408E:2320572603,810-00002,2307310022,20240730:2:11205:4124:1762:CCGCTATT+NNNNNNNN"	2:11205:4124:1762	Human feces pecovirus (taxid 1820160)	TRUE	TRUE	
D23-13405-2	"AV224802:231013_72603_6408E:2320572603,810-00002,2307310022,20240730:2:11503:3955:1314:TCTAGGCA+NNNNNNNN"	2:11503:3955:1314	adeno-associated virus 2 (taxid 10804)	TRUE		
D23-13405-2	"AV224802:231013_72603_6408E:2320572603,810-00002,2307310022,20240730:2:11503:1486:3527:TCTAGGCT+NNNNNNNN"	2:11503:1486:3527	Adeno-associated virus - 8 (taxid 202813)	TRUE		
D23-13405-2	"AV224802:231013_72603_6408E:2320572603,810-00002,2307310022,20240730:2:20402:4704:1845:TCTAGGCT+NNNNNNNN"	2:20402:4704:1845	Influenza A virus (A/New York/392/2004(H3N2)) (taxid 335341)	TRUE		
D23-13405-2	"AV224802:231013_72603_6408E:2320572603,810-00002,2307310022,20240730:2:20905:0654:1767:TCTAGGCT+NNNNNNNN"	2:20905:0654:1767	Ekpoma virus 1 (taxid 1987020)	FALSE	FALSE	Bacterial (Cloacibacterium)
D23-13405-2	"AV224802:231013_72603_6408E:2320572603,810-00002,2307310022,20240730:2:21105:3157:2381:TCTAGGCT+NNNNNNNN"	2:21105:3157:2381	JC polyomavirus (taxid 10632)	TRUE		
D23-13405-2	"AV224802:231013_72603_6408E:2320572603,810-00002,2307310022,20240730:2:10305:2653:1866:TCTAGGCT+NNNNNNNN"	2:10305:2653:1866	Human betaherpesvirus 5 (taxid 10359)	FALSE	FALSE	Eukaryotic (Hylaea fasciaria)
D23-13405-2	"AV224802:231013_72603_6408E:2320572603,810-00002,2307310022,20240730:2:10502:3259:2809:TCTAGGCT+NNNNNNNN"	2:10502:3259:2809	Simian Agent 10 (taxid 929831)	FALSE	FALSE	None